brand,name,model_number,product_type,form_factor,output_power_kw,output_current_a,input_voltage_v,connector,plug,cable_length_ft,es_certified,safety_listing,enclosure,warranty,price_low,price_high,source_page
ABB,ABB Terra AC Wallbox 80A,Terra AC W19-P8-R-*D-*,Level 2,Wall-mounted,19.2,80,240,J1772,Hardwired,26,true,Certified to UL 2594 and CSA C22.2 No. 280,NEMA 4 (IP65),2 years,1411,1411,https://evchargerindex.com/items/abb-terra-ac-w19-p8-r-d/
ABB,ABB Terra AC Wallbox Charging Station,Terra AC W7-P8-R-CD-0,Level 2,Wall-mounted,7.68,32,240,J1772,,26,true,,,,749,749,https://evchargerindex.com/items/abb-terra-ac-w7-p8-r-cd-0/
ABB,ABB Terra AC Wallbox 40A,Terra AC W9-P8-R-*D-*,Level 2,Wall-mounted,9.6,40,240,J1772,Hardwired,26,true,Certified to UL 2594 and CSA C22.2 No. 280,NEMA 4 (IP65),2 years,,,https://evchargerindex.com/items/abb-terra-ac-w9-p8-r-d/
AIXINE,AIXINE MAX-US-AC#x,MAX-US-AC#*-#*-*,Level 2,Wall-mounted,19.2,80,240,,,25,true,,,,,,https://evchargerindex.com/items/aixine-max-us-ac/
AIXINE,AIXINE UA-US-AC#x,UA-US-AC#*-#**,Level 2,Wall-mounted,19.2,80,240,,,25,true,,,,,,https://evchargerindex.com/items/aixine-ua-us-ac/
AMPROAD,"AMPROAD iFlow P9 (40 A, dual voltage)",iFlow P9,Level 1 and Level 2,Portable,9.6,40,240,J1772,NEMA 14-50 plug,25,false,ETL certified,IP65,1 year,359.99,359.99,https://evchargerindex.com/items/amproad-iflow-p9/
Ampure,Ampure Go 1,AMGO1S,Level 1 and Level 2,Portable,7.68,32,240,J1772,NEMA 14-50 and 5-15 plugs,20,false,UL and cUL certified,NEMA 6P (IP67),,399,399,https://evchargerindex.com/items/ampure-amgo1s/
Ampure,Ampure Go 2,AMGO2N,Level 1 and Level 2,Portable,7.68,32,240,NACS,NEMA 14-50 and 5-15 plugs,20,false,UL and cUL certified,IP67,,316.6,399,https://evchargerindex.com/items/ampure-amgo2n/
Ampure,Ampure TurboConnect (48 A),TURBOCS,Level 2,Wall-mounted,11.52,48,240,J1772,,,false,ETL Listed,IP65,,749,749,https://evchargerindex.com/items/ampure-turbocs/
ApexCharger,ApexCharger MACH 1 Hardwired,Mach 1 HW48,Level 2,Wall-mounted,11.52,48,240,J1772,Hardwired,30,true,ETL Listed,,5 years,336.33,336.33,https://evchargerindex.com/items/apexcharger-mach-1-hw48/
ApexCharger,ApexCharger MACH 2 Hardwired,Mach 2 HW48,Level 2,Wall-mounted,11.52,48,240,J1772,Hardwired,30,true,ETL Listed,NEMA 6 (IP67),5 years,346.43,346.43,https://evchargerindex.com/items/apexcharger-mach-2-hw48/
ApexCharger,ApexCharger MACH 3,Mach 3 16,Level 2,Wall-mounted,9.6,40,240,J1772,"NEMA 14-50, 5-20 and 5-15 plugs",24,true,ETL Listed,NEMA 6 (IP67),5 years,222.22,222.22,https://evchargerindex.com/items/apexcharger-mach-3-16/
AUTEL,Autel AC Lite Home 40A,Maxi US AC LW10-N14,Level 2,Wall-mounted,9.6,40,240,J1772,NEMA 14-50 plug,25,true,CSA certified,NEMA 4X,3 years,463.2,463.2,https://evchargerindex.com/items/autel-maxi-us-ac-lw10-n14/
AUTEL,Autel MaxiCharger AC Lite Home (50 A),Maxi US AC LW12,Level 2,Wall-mounted,12,50,240,J1772 or NACS,Hardwired,25,true,,NEMA 4X,3 years,487.2,487.2,https://evchargerindex.com/items/autel-maxi-us-ac-lw12/
AUTEL,Autel MaxiCharger AC Single (50A),MAXI US AC Single Charger 12KW,Level 2,Wall-mounted,12,50,240,J1772,Hardwired,25,false,,,5 years,479.2,479.2,https://evchargerindex.com/items/autel-maxi-us-ac-single-charger-12kw/
AUTEL,Autel MaxiCharger 80A 19.2kW Residential,Maxi UW19L002; Maxi UW19LJ02,Level 2,Wall-mounted,19.2,80,240,J1772 or NACS,Hardwired,25,true,ETL Listed,,5 years (1 year on display and cable),1028,1219,https://evchargerindex.com/items/autel-maxicharger-80a-residential/
AUTEL,Autel MaxiCharger AC Elite Home 40A,Maxi US AC W10-N14-H,Level 2,Wall-mounted,9.6,40,240,J1772,NEMA 14-50 plug,25,true,,NEMA 4,3 years,559,559,https://evchargerindex.com/items/autel-maxicharger-ac-elite-home-40a/
AUTEL,Autel MaxiCharger AC Elite Home 50A,Maxi US AC W12; Maxi US AC W12-H; Maxi US AC W12-L-4G,Level 2,Wall-mounted,12,50,240,J1772,Hardwired,25,true,CSA certified,NEMA 4X,3 years,511.2,511.2,https://evchargerindex.com/items/autel-maxicharger-ac-elite-home-50a/
Battery Tender,Battery Tender eCharge 16 Amp (Level 1),022-3016,Level 1,Portable,1.92,16,120,J1772,,25,false,ETL certified,IP66,3 years,299.95,299.95,https://evchargerindex.com/items/battery-tender-022-3016/
Battery Tender,Battery Tender eCharge 40 Amp (Level 2),022-3018,Level 2,Wall-mounted,9.6,40,240,J1772,Hardwired or NEMA 14-50 plug,25,false,ETL certified,IP66,3 years,439.95,439.95,https://evchargerindex.com/items/battery-tender-022-3018/
BMW,BMW Wallbox Gen 3,61905A1E1B3,Level 2,Wall-mounted,9.6,40,240,J1772,,25,false,,,2 years,598.96,598.96,https://evchargerindex.com/items/bmw-61905a1e1b3/
BMW,"BMW Wallbox Plus (64A, NACS)",61905B30091,Level 2,Wall-mounted,15.36,64,240,NACS,,25,true,UL Listed,,2 years,,,https://evchargerindex.com/items/bmw-61905b30091/
breezEV,breezEV EVC-L2-48A-L1-X-4G-D,EVC-L2-48A-L1-X-4G-D,Level 2,Wall-mounted,11.52,48,240,J1772,,12,true,,,,2257.76,4649.99,https://evchargerindex.com/items/breezev-evc-l2-48a-l1-x-4g-d/
breezEV,breezEV EVC-L2-P80,EVC-L2-P80-XX-YYY-ZZZZZ,Level 2,Wall-mounted,19.2,80,240,J1772,,25,true,,NEMA 3R,,3102.65,7213.03,https://evchargerindex.com/items/breezev-evc-l2-p80-xx-yyy-zzzzz/
breezEV,"breezEV R48 (48A, RFID)",EVC-L2-R48-18,Level 2,Wall-mounted,11.52,48,240,J1772,,18,false,,,,820,820,https://evchargerindex.com/items/breezev-evc-l2-r48-18/
breezEV,breezEV EVC-L2-S48-18,EVC-L2-S48-18,Level 2,Wall-mounted,11.52,48,240,J1772,Hardwired,18,true,ETL Listed,IP65,,385.95,599,https://evchargerindex.com/items/breezev-evc-l2-s48-18/
ChargePoint,ChargePoint Home Flex (CPH50),"""CPH50 CPH50-L18 CPF50-L23 CPF50-L18-PEDMNT-Dual CPF50-L18-CMK6-PEDMNT-Dual CPF50-L18-PEDMNT CPF50-L18-PEDMNT-CMK6 CPF50-L18-WALLMNT-CMK6 CPF50-L23-PEDMNT CPF50-L23-PEDMNT-CMK6 CPF50-L23-PEDMNT-Dual CPF50-L23-WALLMNT-CMK6",Level 2,Wall-mounted,12,50,240,J1772 or NACS,NEMA 6-50 or 14-50 plug (configurable),18,true,UL Listed,NEMA 3R,3 years,494,549,https://evchargerindex.com/items/chargepoint-cph50-cph50-l18-cpf50-l23-cpf50-l18-pedmnt-dual-cpf50-l18-cmk6-pedmn/
DANLAW,Danlaw CleverCharge,EV-114A,Level 2,Wall-mounted,11.52,48,240,J1772,Hardwired,25,true,UL Listed,NEMA 4 (IP67),3 years,399,399,https://evchargerindex.com/items/danlaw-ev-114a/
Battery Tender,"Battery Tender eCharge Level 1 & 2 EV Charger, 32 A",022-3017-XX-XX,Level 1 and Level 2,Portable,7.68,32,240,J1772,,25,true,ETL Listed,IP66,3 years,403.53,454.95,https://evchargerindex.com/items/deltran-battery-tender-022-3017-xx-xx/
Battery Tender,"Battery Tender eCharge Level 2 EV Charger, 48 A",022-3019-XX-XX,Level 2,Wall-mounted,11.52,48,240,J1772,,25,true,,IP66,3 years,684.95,891.99,https://evchargerindex.com/items/deltran-battery-tender-022-3019-xx-xx/
DeWalt,"DeWalt Portable EV Charger (16 A, NEMA 6-20 + 5-15 adapter)",DXPAEV016,Level 1 and Level 2,Portable,3.84,16,240,J1772,NEMA 6-20 plug with 5-15 adapter,25,false,CSA certified,NEMA 4X (IP66),3 years,299,299,https://evchargerindex.com/items/dewalt-dxpaev016/
DeWalt,"DeWalt Level 2 EV Charger, 40 A",DXPAEV040,Level 2,Wall-mounted,9.6,40,240,J1772,NEMA 14-50 plug,25,true,CSA certified,NEMA 4X (IP66),3 years,499.97,499.97,https://evchargerindex.com/items/dewalt-dxpaev040/
DeWalt,"DeWalt Level 2 EV Charger, 48 A",DXPAEV048,Level 2,Wall-mounted,11.52,48,240,J1772,Hardwired,25,true,CSA certified,NEMA 4X (IP66),3 years,499.97,499.97,https://evchargerindex.com/items/dewalt-dxpaev048/
EATON,"EATON Green Motion EV Chargers, Wall Charger",GMEV32BR-WC,Level 2,Wall-mounted,7.68,32,240,J1772,Hardwired,25,true,UL Listed,NEMA 3R,3 years,443.75,597.64,https://evchargerindex.com/items/eaton-gmev32br-wc/
ECOFLOW,EcoFlow OCEAN EV Charger (11.5 kW),EF-EVAC-11K5,Level 2,Wall-mounted,11.52,48,240,J1772,,24,true,Certified to UL 2594,NEMA 4,5 years,393.75,393.75,https://evchargerindex.com/items/ecoflow-ef-evac-11k5/
ECOFLOW,EcoFlow PowerPulse (9.6 kW),EF-EVAC-9K6-DIY,Level 2,Wall-mounted,9.6,40,240,J1772,NEMA 14-50 plug,24,true,Certified to UL 2594,NEMA 4,3 years,699,699,https://evchargerindex.com/items/ecoflow-ef-evac-9k6-diy/
Electron Charger,Electron Charger EC-EVC10/48AC/01C/XX/RF/4G,EC-EVC10/48AC/01C/XX/RF/4G,Level 2,Wall-mounted,11.52,48,240,J1772,,18,true,ETL Listed,,,,,https://evchargerindex.com/items/electron-charger-ec-evc10-48ac-01c-xx-rf-4g/
Emporia,Emporia Pro (48 A),EMC2V3,Level 2,Wall-mounted,11.52,48,240,J1772,Hardwired or NEMA 14-50 plug,25,false,UL Listed,NEMA 4,3 years,599,599,https://evchargerindex.com/items/emporia-emc2v3/
Emporia,Emporia EMEVSE1,EMEVSE1,Level 2,Wall-mounted,11.52,48,240,J1772 or NACS,Hardwired or NEMA 14-50 plug,25,true,UL Listed,NEMA 4,3 years,449,622.7,https://evchargerindex.com/items/emporia-emevse1/
Enphase,Enphase CS-100 EVSE,"CS-100, CS-100C",Level 2,Wall-mounted,19.2,80,240,J1772,Hardwired,18,true,ETL Listed,NEMA 3R,3 years,,,https://evchargerindex.com/items/enphase-cs-100-cs-100c/
Enphase,Enphase HCS-40 Ruggedized,HCS-40R,Level 2,Wall-mounted,7.68,32,240,J1772,Hardwired,25,false,ETL certified,NEMA 4,5 years,916,916,https://evchargerindex.com/items/enphase-hcs-40r/
Enphase,Enphase HCS-50 Ruggedized,HCS-50R,Level 2,Wall-mounted,9.6,40,240,J1772,Hardwired,25,false,ETL certified,NEMA 4,5 years,1011,1011,https://evchargerindex.com/items/enphase-hcs-50r/
Enphase,Enphase HCS-60,HCS-60R,Level 2,Wall-mounted,11.52,48,240,J1772,Hardwired,25,false,ETL certified,NEMA 4,5 years,1236,1236,https://evchargerindex.com/items/enphase-hcs-60r/
Enphase,Enphase HCS-D40 Dual,HCS-D40R,Level 2,Wall-mounted,7.68,32,240,J1772,Hardwired,25,false,ETL Listed,NEMA 4,5 years,2300,2300,https://evchargerindex.com/items/enphase-hcs-d40r/
Enphase,Enphase HCS-D50 Dual,HCS-D50R,Level 2,Wall-mounted,9.6,40,240,J1772,Hardwired,25,false,ETL Listed,NEMA 4,5 years,2310,2310,https://evchargerindex.com/items/enphase-hcs-d50r/
Enphase,Enphase HCS-80,HSC-80,Level 2,Wall-mounted,15.36,64,240,J1772,,25,true,,NEMA 4,5 years,1600,1600,https://evchargerindex.com/items/enphase-hsc-80/
Enphase,Enphase IQ EV Charger 2,"IQ-EVSE-NA-1100-0100-1420, IQ-EVSE-NA-1080-0100-1420, IQ-EVSE-NA-1060-0100-1420, IQ-EVSE-NA-1060-0100-1120, IQ-EVSE-NA-1060-0101-1120, IQ-EVSE-NA-1050-0110-1120; IQ-EVSE-NA-1080-0100-0100",Level 2,Wall-mounted,19.2,80,240,J1772 or NACS,,25,true,,,,999,1600,https://evchargerindex.com/items/enphase-iq-ev-charger-2/
Espen,Espen EVC/A32J (32A),EVC/A32J,Level 2,Wall-mounted,7.68,32,240,J1772,,16,false,,,,805,805,https://evchargerindex.com/items/espen-evc-a32j/
Espen,Espen EVC/A48,EVC/A48,Level 2,Wall-mounted,11.52,48,240,J1772,,25,true,Certified to UL 2594,NEMA 4,,2035,2035,https://evchargerindex.com/items/espen-evc-a48/
Espen,Espen EVC/A48R/JXX/EW,EVC/A48R/JXX/EW,Level 2,Wall-mounted,11.52,48,240,J1772,,18,true,ETL Listed,NEMA 4,,675.23,675.23,https://evchargerindex.com/items/espen-evc-a48r-jxx-ew/
Espen,Espen EVC/A48S/JXX/EG/5D,EVC/A48S/JXX/EG/5D,Level 2,Wall-mounted,11.52,48,240,J1772,,18,true,Certified to UL 2594,NEMA 4 (IP65),,,,https://evchargerindex.com/items/espen-evc-a48s-jxx-eg-5d/
Espen,Espen EVC/A80,EVC/A80,Level 2,Wall-mounted,19.2,80,240,J1772,,25,true,ETL Listed,,,2785,2785,https://evchargerindex.com/items/espen-evc-a80/
EVDANCE,EVDANCE Level 2 EV Charger NEMA 14-50 J1772 Portable Plug In - 40A,EV-100-0012,Level 2,Portable,9.6,40,240,J1772,NEMA 14-50 plug,25,false,ETL Listed,IP66,3 years,259.99,259.99,https://evchargerindex.com/items/evdance-ev-100-0012/
EVDANCE,EVDANCE Home Level 2 EV Charger NEMA 14-50 NACS Tesla Wall-mounted Plug In-32A,EV-100-0021,Level 2,Wall-mounted,7.68,32,240,NACS,NEMA 14-50 plug,25,false,ETL Listed,Type 4,3 years,339.95,339.95,https://evchargerindex.com/items/evdance-ev-100-0021/
EVDANCE,EVDANCE Home Level 2 EV Charger NEMA 14-50 J1772 Wall-mounted Plug In - 40A,EV-100-0022,Level 2,Wall-mounted,9.6,40,240,J1772,NEMA 14-50 plug,25,false,ETL Listed,Type 4,3 years,339.95,339.95,https://evchargerindex.com/items/evdance-ev-100-0022/
EVDANCE,EVDANCE Home Level 2 EV Charger J1772 Wall-mounted Hardwired In - 50A,EV-100-0023,Level 2,Wall-mounted,12,50,240,J1772,Hardwired,25,false,ETL Listed,Type 4,3 years,389.95,389.95,https://evchargerindex.com/items/evdance-ev-100-0023/
EVDANCE,EVDANCE Level 2 NEMA 14-50 40A J1772 Portable EV Charger,EV-100-0097,Level 2,Portable,9.6,40,240,J1772,NEMA 14-50 plug,25,false,,,,259.95,259.95,https://evchargerindex.com/items/evdance-ev-100-0097/
EVDANCE,EVDANCE Flux Level 1 & 2 NEMA 5-15 Plug 12A J1772 Portable EV Charger,EV-100-0141,Level 1 and Level 2,Portable,1.44,12,120,J1772,NEMA 5-15 plug,25,false,ETL Listed,IP66,1 year,149.95,149.95,https://evchargerindex.com/items/evdance-ev-100-0141/
EVDANCE,EVDANCE Flux Level 1 NEMA 5-15 Plug 12A NACS/Tesla Portable EV Charger,EV-100-0142,Level 1,Portable,1.44,12,120,NACS,NEMA 5-15 plug,25,false,ETL Listed,IP66,1 year,149.95,149.95,https://evchargerindex.com/items/evdance-ev-100-0142/
EVDANCE,EVDANCE Level 2 NEMA 14-30 24A NACS Portable EV Charger,EV-100-0143,Level 2,Portable,5.76,24,240,NACS,NEMA 14-30 plug,25,false,ETL Listed,IP66,1 year,249.95,249.95,https://evchargerindex.com/items/evdance-ev-100-0143/
EVDANCE,EVDANCE Level 2 NEMA 14-30 24A J1772 Portable EV Charger,EV-100-0144,Level 2,Portable,5.76,24,240,J1772,NEMA 14-30 plug,25,false,ETL Listed,IP66,1 year,249.95,249.95,https://evchargerindex.com/items/evdance-ev-100-0144/
EVDANCE,EVDANCE Flux Level 2 NEMA 14-50 40A J1772 Portable EV Charger Wifi Enabled,EV-100-0145,Level 2,Portable,9.6,40,240,J1772,NEMA 14-50 plug,25,false,ETL Listed,IP66,1 year,279.95,279.95,https://evchargerindex.com/items/evdance-ev-100-0145/
EVDANCE,EVDANCE Flux Level 2 NEMA 14-50 40A Tesla Portable EV Charger Wifi Enabled,EV-100-0146,Level 2,Portable,9.6,40,240,NACS,NEMA 14-50 plug,25,false,ETL Listed,Type 4,1 year,279.95,279.95,https://evchargerindex.com/items/evdance-ev-100-0146/
EVDANCE,EVDANCE Level 2 NEMA 10-30 24A J1772 Portable EV Charger,EV-100-0147,Level 2,Portable,5.76,24,240,J1772,NEMA 10-30 plug,25,false,ETL Listed,Type 4,1 year,249.95,249.95,https://evchargerindex.com/items/evdance-ev-100-0147/
EVDANCE,EVDANCE Level 2 NEMA 10-30 24A NACS Portable EV Charger,EV-100-0148,Level 2,Portable,5.76,24,240,NACS,NEMA 10-30 plug,25,false,ETL Listed,IP66,1 year,249.95,249.95,https://evchargerindex.com/items/evdance-ev-100-0148/
EVDANCE,EVDANCE Level 2 NEMA 14-50 32A J1772 Portable EV Charger,EV-100-0150,Level 2,Portable,7.68,32,240,J1772,NEMA 14-50 plug,25,false,ETL Listed,IP66,1 year,266.95,266.95,https://evchargerindex.com/items/evdance-ev-100-0150/
EVDANCE,EVDANCE Level 2 NEMA 14-50 32A Tesla/NACS Portable EV Charger,EV-100-0151,Level 2,Portable,7.68,32,240,NACS,NEMA 14-50 plug,25,false,ETL Listed,IP66,1 year,259.95,259.95,https://evchargerindex.com/items/evdance-ev-100-0151/
EVDANCE,EVDANCE Home Level 2 EV Charger NEMA 14-50 J1772 Wall-mounted Plug In-32A,EV-100-0220,Level 2,Wall-mounted,7.68,32,240,J1772,NEMA 14-50 plug,25,false,ETL Listed,Type 4,3 years,339.95,339.95,https://evchargerindex.com/items/evdance-ev-100-0220/
EVDANCE,EVDANCE Level 2 EV Charger NEMA 14-50 NACS Wall-mounted Plug In - 40A,EV-100-0229,Level 2,Wall-mounted,9.6,40,240,NACS,NEMA 14-50 plug,25,false,ETL Listed,Type 4,3 years,339.95,339.95,https://evchargerindex.com/items/evdance-ev-100-0229/
EVDANCE,EVDANCE U40 Level 2 EV Charger NEMA 14-50 J1772 Wall-mounted - 40A,EV-ACT4005U,Level 2,Wall-mounted,9.6,40,240,J1772,NEMA 14-50 plug,25,false,ETL Listed,Type 4,3 years,399.95,399.95,https://evchargerindex.com/items/evdance-ev-act4005u/
EVDANCE,EVDANCE Level 1&2 EV Charger NEMA 6-20 J1772 Portable Dual Plug In - 12/16A,EV-RS-0002,Level 1 and Level 2,Portable,3.84,16,240,J1772,NEMA 6-20 plug,25,false,,IP66,1 year,149.95,149.95,https://evchargerindex.com/items/evdance-ev-rs-0002/
EVDANCE,EVDANCE Level 1&2 EV Charger NEMA 6-20 NACS Portable Dual Plug In - 12/16A,EV-RS-0004,Level 1 and Level 2,Portable,3.84,16,240,NACS,NEMA 6-20 plug,25,false,,IP66,1 year,129.95,129.95,https://evchargerindex.com/items/evdance-ev-rs-0004/
EVIQO,EVIQO EVIPOWER,EVIPOWER1; EVIPOWER240J; EVIPOWER240N; EVIPOWER248J; EVIPOWER248N,Level 2,Wall-mounted,9.6,40,240,J1772 or NACS,NEMA 14-50 plug,25,true,UL and ETL certified,NEMA 4 (IP66),3 years,379,379,https://evchargerindex.com/items/eviqo-evipower/
FLO,FLO CoRe+ Max,CoRe+ Max,Level 2,Wall-mounted,19.2,80,240,,,24,true,,,,,,https://evchargerindex.com/items/flo-core-max/
FLO,FLO Core+V2PS,Core+V2PS,Level 2,Wall-mounted,7.68,32,240,,,24,true,,,,,,https://evchargerindex.com/items/flo-core-v2ps/
FLO,FLO Home X6,HOX6F2A1A1,Level 2,Wall-mounted,12,50,240,J1772,Hardwired,25,true,UL Listed,NEMA 4X,5 years,,,https://evchargerindex.com/items/flo-hox6f2a1a1/
FLO,FLO Home X8,HOX8F2A1A1,Level 2,Wall-mounted,19.2,80,240,J1772,Hardwired,25,true,UL Listed,NEMA 4X,5 years,,,https://evchargerindex.com/items/flo-hox8f2a1a1/
FLO,FLO SmartTWO generation 4,SmartTWO generation 4,Level 2,Wall-mounted,7.2,30,240,,,24,true,,,,,,https://evchargerindex.com/items/flo-smarttwo-generation-4/
Ford,Ford Charge Station Pro,Ford Charge Station Pro,Level 2,Wall-mounted,19.2,80,240,J1772,Hardwired,25,false,UL Listed,UL Type 4,3 years,,,https://evchargerindex.com/items/fomoco-ford-charge-station-pro/
Ford,Ford Connected Charge Station,LJ98-10C823-A followed by one character,Level 2,Wall-mounted,11.52,48,240,J1772,,20,true,Certified to UL 2594,IP65,3 years,799,799,https://evchargerindex.com/items/fomoco-lj98-10c823-a-followed-by-one-character/
Ford,Ford Mobile Power Cord,NL3Z10C830L,Level 1 and Level 2,Portable,7.68,32,240,J1772,,,false,,,3 years,,,https://evchargerindex.com/items/fomoco-nl3z10c830l/
Free2Move Charge,Free2Move Charge In-Home 48A,EMC2-A,Level 2,Wall-mounted,11.52,48,240,J1772,Hardwired,25,true,UL Listed,NEMA 4,3 years,629,629,https://evchargerindex.com/items/free2move-charge-emc2-a/
GM,GM Energy PowerShift Charger,24067708,Level 2,Wall-mounted,19.2,80,240,J1772,Hardwired,25,false,UL certified,NEMA 4X,3 years,1999,1999,https://evchargerindex.com/items/gm-24067708/
GM,GM Dual Level Charger (portable),85775040,Level 1 and Level 2,Portable,7.68,32,240,J1772,NEMA 14-50 and 5-15 plugs (interchangeable),19.2,false,UL certified,IP66,3 years,343.32,343.32,https://evchargerindex.com/items/gm-85775040/
GM,GM PowerUp 2 (NACS) Charger,86332502,Level 2,Wall-mounted,11.52,48,240,NACS,Hardwired,24.25,false,UL certified,NEMA 4X,3 years,899,899,https://evchargerindex.com/items/gm-86332502/
GM,GM PowerUp 2 (J1772) Charger,EIAW-U11KSSU7E01,Level 2,Wall-mounted,11.52,48,240,J1772,Hardwired,25,true,UL certified,NEMA 4X,3 years,899,899,https://evchargerindex.com/items/gm-eiaw-u11kssu7e01/
Greenworks tools,Greenworks tools EVC0640,EVC0640,Level 2,Wall-mounted,9.6,40,240,J1772,,25,true,ETL Listed,,,584.99,584.99,https://evchargerindex.com/items/greenworks-tools-evc0640/
Greenworks tools,Greenworks tools EVC1648,EVC1648,Level 2,Wall-mounted,11.52,48,240,J1772,,25,true,ETL Listed,,,749.99,749.99,https://evchargerindex.com/items/greenworks-tools-evc1648/
Grizzl-E,"Grizzl-E Alpha Classic (40A, touchscreen)",AL1-14-24-PB,Level 2,Wall-mounted,9.6,40,240,J1772,NEMA 14-50 plug,24,false,UL Listed,NEMA 3R,1 year,199,199,https://evchargerindex.com/items/grizzl-e-al1-14-24-pb/
Grizzl-E,Grizzl-E Classic Connect 40A,Classic Connect,Level 2,Wall-mounted,9.6,40,240,J1772 or NACS,NEMA 14-50 plug,25,false,UL Listed,,3 years,349.99,349.99,https://evchargerindex.com/items/grizzl-e-classic-connect/
Grizzl-E,"Grizzl-E Duo Connect (40A, dual port)",Duo Connect 40,Level 2,Wall-mounted,9.6,40,240,J1772 or NACS,NEMA 14-50 plug,25,false,UL Listed,NEMA 4,3 years,899.99,899.99,https://evchargerindex.com/items/grizzl-e-duo-connect-40/
Grizzl-E,Grizzl-E Classic,GR1-14-24-PB,Level 2,Wall-mounted,9.6,40,240,J1772,NEMA 14-50 or 6-50 plug,24,true,UL Listed,NEMA 4,3 years,299.99,299.99,https://evchargerindex.com/items/grizzl-e-gr1-14-24-pb/
Grizzl-E,Grizzl-E Mini 40A,GRM-070-W-14-25DJ40-A-GB,Level 2,Wall-mounted,9.6,40,240,J1772,,24,true,UL Listed,,,,,https://evchargerindex.com/items/grizzl-e-grm-070-w-14-25dj40-a-gb/
Grizzl-E,Grizzl-E Ultimate 48A,GRS-077-W-HW-25J48-A-GB,Level 2,Wall-mounted,11.52,48,240,J1772,Hardwired,24,true,UL Listed,NEMA 4,3 years,479.99,479.99,https://evchargerindex.com/items/grizzl-e-grs-077-w-hw-25j48-a-gb/
Grizzl-E,Grizzl-E Ultimate (80 A),GRU-077-W-HW-25DJ80-A-GB; GRU-077-WLR-HW-25J80-F-GB; GRU-077-WLR-HW-25J80-P-GB,Level 2,Wall-mounted,19.2,80,240,J1772,Hardwired,25,true,UL Listed,NEMA 4,3 years,567.9,899.99,https://evchargerindex.com/items/grizzl-e-ultimate-80/
HONDA,Honda Portable Charging Kit,08E70-PT9-100A,Level 1 and Level 2,Portable,7.68,32,240,J1772,NEMA 14-50 plug with 5-15 adapter,25,false,,,3 years,355,355,https://evchargerindex.com/items/honda-08e70-pt9-100a/
HONDA,Honda Home Charging Station 48,EMEVSE1,Level 2,Wall-mounted,11.52,48,240,J1772,,24,true,UL Listed,,,437,622.25,https://evchargerindex.com/items/honda-emevse1/
ICAPIA,ICAPIA Sapphire Pro,ICACH50-S,Level 2,Wall-mounted,9.6,40,240,J1772,NEMA 14-50 plug,25,false,ETL certified,NEMA 4 (IP67),3 years,389.99,389.99,https://evchargerindex.com/items/icapia-icach50-s/
IYILO,IYILO Electric Vehicle Charging Station,IYILO-RA48,Level 2,Wall-mounted,11.52,48,240,J1772,Hardwired,18,true,ETL certified,NEMA 4,3 years,306.99,429.99,https://evchargerindex.com/items/iyilo-iyilo-ra48/
KHONS,KHONS Level 1 Portable (16 A),KHONS-L1-16A,Level 1,Portable,1.92,16,120,J1772,,23,false,,,,99.99,99.99,https://evchargerindex.com/items/khons-khons-l1-16a/
KHONS,KHONS Wall Box 11kW,KHONS-WB-UL-32-1,Level 2,Wall-mounted,11.52,48,240,J1772 or NACS,Hardwired,25,true,UL Listed,IP65,2 years,459,459,https://evchargerindex.com/items/khons-khons-wb-ul-32-1/
Lectron,"Lectron V-BOX Pro Level 2 J1772 (48A, WiFi)",EV-Charger48A-J1772-Pro-APP,Level 2,Wall-mounted,11.52,48,240,J1772,Hardwired or NEMA 14-50 plug,16,false,Certified to UL 2594 and UL 2231,IP65,2 years,369.99,369.99,https://evchargerindex.com/items/lectron-ev-charger48a-j1772-pro-app/
Lectron,"Lectron Portable Level 2 Tesla EV Charger, 40 A (NEMA 14-50 plug)",LECHG14-50-40ATSLBLKUS,Level 2,Portable,9.6,40,240,NACS,NEMA 14-50 plug,16,true,Certified to UL 2594 and UL 2231,IP65,2 years,259.99,259.99,https://evchargerindex.com/items/lectron-lechg14-50-40atslblkus/
Lectron,"Lectron Portable Level 1 NACS (12A, WiFi)",LECHG5-15-12A-NACS-APP,Level 1,Portable,1.44,12,120,NACS,NEMA 5-15 plug,16,false,Certified to UL 2594 and UL 2231,IP67,2 years,149.99,149.99,https://evchargerindex.com/items/lectron-lechg5-15-12a-nacs-app/
Lectron,"Lectron Portable Level 1 J1772 (12A, WiFi)",LECHG5-15-12ABLKUS-APP,Level 1,Portable,1.44,12,120,J1772,NEMA 5-15 plug,16,false,Certified to UL 2594 and UL 2231,IP67,2 years,139.99,139.99,https://evchargerindex.com/items/lectron-lechg5-15-12ablkus-app/
Lectron,"Lectron Portable Level 1 Tesla EV Charger, 15 A (NEMA 5-15 plug)",LECHG5-15-15ATSLBLKUS,Level 1,Portable,1.8,15,120,NACS,NEMA 5-15 plug,16,true,ETL certified,IP65,2 years,169.99,169.99,https://evchargerindex.com/items/lectron-lechg5-15-15atslblkus/
Lectron,"Lectron LECHGEXP40A-J1772-APP, LECHGEXP40A-NACS-APP","LECHGEXP40A-J1772-APP, LECHGEXP40A-NACS-APP",Level 2,Wall-mounted,9.6,40,240,NACS,,17,true,,,,,,https://evchargerindex.com/items/lectron-lechgexp40a-j1772-app-lechgexp40a-nacs-app/
Lectron,"Lectron Portable Level 1 & 2 J1772 EV Charger, 12 to 40 A",LECHGJ1772-12A-40ABLKUS,Level 1 and Level 2,Portable,1.44,12,120,J1772,NEMA 14-50 and 5-15 plugs (interchangeable),16,true,,,2 years,359.99,359.99,https://evchargerindex.com/items/lectron-lechgj1772-12a-40ablkus/
Lectron,Lectron LECHGL1-2J1772-12-24AUS,LECHGL1-2J1772-12-24AUS,Level 1 and Level 2,Portable,1.44,12,120,J1772,,25,true,,,,,,https://evchargerindex.com/items/lectron-lechgl1-2j1772-12-24aus/
Lectron,Lectron LECHGL1-2J1772-12-32AUS,LECHGL1-2J1772-12-32AUS,Level 1 and Level 2,Portable,1.44,12,120,J1772,,24,true,,,,,,https://evchargerindex.com/items/lectron-lechgl1-2j1772-12-32aus/
Lectron,Lectron Portable Level 1 and 2 NACS (8-40A adjustable),LECHGL1/2NACS-8-40AUS,Level 1 and Level 2,Portable,9.6,40,240,NACS,NEMA 14-50 and 5-15 plugs (interchangeable),20,false,Certified to UL 2594 and UL 2231,,2 years,319.99,319.99,https://evchargerindex.com/items/lectron-lechgl1-2nacs-8-40aus/
Lectron,"Lectron NEXUS Level 2 J1772 Charging Station, 48 A (hardwired)",LECHGNexusHWJ1772,Level 2,Wall-mounted,11.52,48,240,J1772,Hardwired,22,true,ETL Listed,IP66,3 years,399.99,399.99,https://evchargerindex.com/items/lectron-lechgnexushwj1772/
Lectron,Lectron LECHGNexusHWJ1772-APP,LECHGNexusHWJ1772-APP,Level 2,Wall-mounted,11.52,48,240,J1772,,22,true,,,,,,https://evchargerindex.com/items/lectron-lechgnexushwj1772-app/
Lectron,Lectron NEXUS Level 2 NACS (48A hardwired),LECHGNexusHWNACS,Level 2,Wall-mounted,11.52,48,240,NACS,Hardwired,23,false,ETL Listed,IP66,3 years,399.99,399.99,https://evchargerindex.com/items/lectron-lechgnexushwnacs/
Lectron,"Lectron NEXUS Level 2 J1772 Charging Station, 40 A (NEMA 14-50 plug)",LECHGNexusNEMA14-50J1772,Level 2,Wall-mounted,9.6,40,240,J1772,NEMA 14-50 plug,22,true,ETL Listed,IP66,3 years,399.99,399.99,https://evchargerindex.com/items/lectron-lechgnexusnema14-50j1772/
Lectron,Lectron LECHGNexusNEMA14-50J1772-APP,LECHGNexusNEMA14-50J1772-APP,Level 2,Wall-mounted,9.6,40,240,J1772,,22,true,,,,,,https://evchargerindex.com/items/lectron-lechgnexusnema14-50j1772-app/
Lectron,"Lectron NEXUS Level 2 NACS (40A, NEMA 14-50)",LECHGNexusNEMA14-50NACS,Level 2,Wall-mounted,9.6,40,240,NACS,NEMA 14-50 plug,23,false,ETL Listed,IP66,3 years,399.99,399.99,https://evchargerindex.com/items/lectron-lechgnexusnema14-50nacs/
Lectron,"Lectron Portable Level 1 & 2 Tesla NACS EV Charger, 12 to 40 A",LECHGTSL-12A-40ABLKUS,Level 1 and Level 2,Portable,1.44,12,120,NACS,NEMA 14-50 and 5-15 plugs (interchangeable),16,true,Certified to UL 2594 and UL 2231,IP67,2 years,309.99,309.99,https://evchargerindex.com/items/lectron-lechgtsl-12a-40ablkus/
Lectron,Lectron Portable Level 1 J1772 Charger (15A),LECHG5-15-15ABLKUS; LECHG5-15-15ABLKUS-APP,Level 1,Portable,1.8,15,120,J1772,NEMA 5-15 plug,16,true,Certified to UL 2594 and UL 2231,IP65,2 years,139.99,139.99,https://evchargerindex.com/items/lectron-portable-level-1-j1772/
Lectron,Lectron Portable Level 2 J1772 Charger (40A),LECHG14-50-40ABLKUS; LECHG14-50-40ABLKUS-APP,Level 2,Wall-mounted,9.6,40,240,J1772,NEMA 14-50 plug,16,true,Certified to UL 2594 and UL 2231,IP65,2 years,249.99,249.99,https://evchargerindex.com/items/lectron-portable-level-2-j1772/
Legrand,"Legrand Level 2 Home Charger, 40 A (NEMA 14-50 plug)",L2EVSE40ACP1450,Level 2,Wall-mounted,9.6,40,240,J1772,NEMA 14-50 plug,18,true,cETLus Listed,NEMA 3R,1 year,469,1026.02,https://evchargerindex.com/items/legrand-l2evse40acp1450/
Legrand,"Legrand Level 2 Home Charger, 48 A (hardwired)",L2EVSE48AC,Level 2,Wall-mounted,11.52,48,240,J1772,Hardwired,25,true,cETLus Listed,,1 year,500,1042.32,https://evchargerindex.com/items/legrand-l2evse48ac/
LENZ,"LENZ Level 2 Plug-In Home Charger, 40 A",EVSE-W1-40-A,Level 2,Wall-mounted,9.6,40,240,J1772,NEMA 14-50 plug,22,true,ETL Listed,NEMA 4X (IP67),3 years,298.99,309.99,https://evchargerindex.com/items/lenz-evse-w1-40-a/
Leviton,Leviton EV320,EV320,Level 2,Wall-mounted,7.68,32,240,J1772,Hardwired,18,true,,NEMA 3R,2 years,649,869.01,https://evchargerindex.com/items/leviton-ev320/
Leviton,Leviton EV32W,EV32W,Level 2,Wall-mounted,7.68,32,240,J1772,Hardwired,18,true,UL certified,NEMA 3R,2 years,665.15,1041.92,https://evchargerindex.com/items/leviton-ev32w/
Leviton,Leviton EV40P,EV40P,Level 2,Wall-mounted,9.6,40,240,J1772,NEMA 14-50 plug,25,true,UL certified,NEMA 3R,2 years,499.85,743.81,https://evchargerindex.com/items/leviton-ev40p/
Leviton,Leviton EV480,EV480,Level 2,Wall-mounted,11.52,48,240,J1772,Hardwired,18,true,,NEMA 3R,2 years,935.96,935.96,https://evchargerindex.com/items/leviton-ev480/
Leviton,Leviton EV48G,EV48G,Level 2,Wall-mounted,11.52,48,240,J1772,Hardwired,25,true,UL certified,NEMA 3R,2 years,1973.5,1973.5,https://evchargerindex.com/items/leviton-ev48g/
Leviton,Leviton EV48S,EV48S,Level 2,Wall-mounted,11.52,48,240,J1772,Hardwired,18,true,UL certified,NEMA 3R,2 years,1919.99,2277.35,https://evchargerindex.com/items/leviton-ev48s/
Leviton,Leviton EV48S-DP,EV48S-DP,Level 2,Wall-mounted,23.04,96,240,J1772,Hardwired,25,true,UL certified,NEMA 3R,2 years,4708.15,4708.15,https://evchargerindex.com/items/leviton-ev48s-dp/
Leviton,Leviton EV48W,EV48W,Level 2,Wall-mounted,11.52,48,240,J1772,Hardwired,18,true,UL certified,NEMA 3R,2 years,744.9,1002.91,https://evchargerindex.com/items/leviton-ev48w/
Leviton,Leviton EV800,EV800,Level 2,Wall-mounted,19.2,80,240,J1772,Hardwired,18,true,,NEMA 3R,2 years,1806.99,2411.76,https://evchargerindex.com/items/leviton-ev800/
Leviton,Leviton EV80G,EV80G,Level 2,Wall-mounted,19.2,80,240,J1772,Hardwired,25,true,UL certified,NEMA 3R,2 years,3065.62,3065.62,https://evchargerindex.com/items/leviton-ev80g/
Leviton,Leviton EV80S,EV80S,Level 2,Wall-mounted,19.2,80,240,J1772,Hardwired,18,true,UL certified,NEMA 3R,2 years,3340.82,3340.82,https://evchargerindex.com/items/leviton-ev80s/
Leviton,Leviton EV80W,EV80W,Level 2,Wall-mounted,19.2,80,240,J1772,Hardwired,18,true,UL certified,NEMA 3R,2 years,1943.99,2532.5,https://evchargerindex.com/items/leviton-ev80w/
Lucid,Lucid 40A Mobile Charging Cable Kit (J1772),40A Mobile Charging Cable Kit - J1772,Level 1 and Level 2,Portable,9.6,40,240,J1772,NEMA 14-50 and 5-15 plugs (interchangeable),20,false,,NEMA 4X,,650,650,https://evchargerindex.com/items/lucid-40a-mobile-charging-cable-kit-j1772/
Lucid,Lucid Connected Home Charging Station (J1772),P11-Y25901-03,Level 2,Wall-mounted,19.2,80,240,J1772,Hardwired,24,false,cULus Listed,NEMA 3R,,1200,1200,https://evchargerindex.com/items/lucid-p11-y25901-03/
Lucid,Lucid Connected Home Charging Station (NACS),P21-Y04401-00,Level 2,Wall-mounted,19.2,80,240,NACS,Hardwired,24,false,cULus Listed,NEMA 3R,,1200,1200,https://evchargerindex.com/items/lucid-p21-y04401-00/
MSI,MSI EZGO Portable (40A),BT-012US,Level 2,Portable,9.6,40,240,J1772 or NACS,NEMA 14-50 and 5-15 plugs (interchangeable),16,false,,IP66,2 years,,,https://evchargerindex.com/items/msi-bt-012us/
MSI,MSI EV Life,MS-XP01,Level 2,Wall-mounted,14.4,60,240,J1772 or NACS,Hardwired or NEMA 14-50 plug,24.6,true,UL Listed,IP55,5 years,449.99,449.99,https://evchargerindex.com/items/msi-ev-life/
MSI,MSI EV Life Plus,MS-XP01,Level 2,Wall-mounted,14.4,60,240,J1772 or NACS,Hardwired or NEMA 14-50 plug,24.6,true,UL Listed,IP55,5 years,449.99,449.99,https://evchargerindex.com/items/msi-ev-life-plus/
MSI,MSI EV Premium,MS-XP01,Level 2,Wall-mounted,14.4,60,240,J1772 or NACS,Hardwired or NEMA 14-50 plug,24.6,true,UL Listed,IP55,5 years,449.99,449.99,https://evchargerindex.com/items/msi-ev-premium/
MUSTART,"MUSTART Level 1 & 2 J1772 EV Charger, 40 A (NEMA 5-15 and 14-50 plugs)",MGE-AAXYVT1N1450515-40A22FW-BG,Level 1 and Level 2,Portable,9.6,40,240,J1772,NEMA 14-50 and 5-15 plugs,22,false,,,2 years,219,219,https://evchargerindex.com/items/mustart-mge-aaxyvt1n1450515-40a22fw-bg/
MUSTART,"MUSTART Level 2 EV Charger, 16/25/32/40 A adjustable (NEMA 14-50 plug, 25 ft cord)",MT-16A/25A/32A/40A,Level 2,Wall-mounted,9.6,40,240,J1772,NEMA 14-50 plug,25,true,ETL certified,,3 years,329,329,https://evchargerindex.com/items/mustart-mt-16a-25a-32a-40a/
MUSTART,"MUSTART Level 2 Tesla EV Charger, 16/25/32/40/48 A adjustable (23 ft cord)",MT-AABGST4NOP-48A23FT-AT,Level 2,Wall-mounted,11.52,48,240,NACS,Hardwired,23,true,,,2 years,199,199,https://evchargerindex.com/items/mustart-mt-aabgst4nop-48a23ft-at/
MUSTART,"MUSTART Level 2 J1772 EV Charger, 40 A (NEMA 14-50 plug, 21 ft cord, display)",MT-AAPKET1N1450-40A22FT-X,Level 2,Portable,9.6,40,240,J1772,NEMA 14-50 plug,21,false,,,1 year,179,179,https://evchargerindex.com/items/mustart-mt-aapket1n1450-40a22ft-x/
MUSTART,"MUSTART Level 2 Tesla EV Charger, 25 A (NEMA 10-30 plug, 22 ft cord)",MT-AAPKET4N1030-25A22FT,Level 2,Portable,6,25,240,NACS,NEMA 10-30 plug,22,false,,,1 year,169,169,https://evchargerindex.com/items/mustart-mt-aapket4n1030-25a22ft/
MUSTART,"MUSTART Level 2 Tesla EV Charger, 25 A (NEMA 10-30 plug, 21 ft cord, display)",MT-AAPKET4N1030-25A22FT-X,Level 2,Portable,6,25,240,NACS,NEMA 10-30 plug,21,false,,,1 year,,,https://evchargerindex.com/items/mustart-mt-aapket4n1030-25a22ft-x/
MUSTART,"MUSTART Level 2 Tesla EV Charger, 25 A (NEMA 14-30 plug, 22 ft cord)",MT-AAPKET4N1430-25A22FT,Level 2,Portable,6,25,240,NACS,NEMA 14-30 plug,22,false,,,1 year,180,180,https://evchargerindex.com/items/mustart-mt-aapket4n1430-25a22ft/
MUSTART,"MUSTART Level 2 Tesla EV Charger, 25 A (NEMA 14-30 plug, 21 ft cord, display)",MT-AAPKET4N1430-25A22FT-X,Level 2,Portable,6,25,240,NACS,NEMA 14-30 plug,21,false,,,1 year,169,169,https://evchargerindex.com/items/mustart-mt-aapket4n1430-25a22ft-x/
MUSTART,"MUSTART Level 2 Tesla EV Charger, 32 A (NEMA 14-50 plug, 22 ft cord)",MT-AAPKET4N1450-32A22FT,Level 2,Portable,7.68,32,240,NACS,NEMA 14-50 plug,22,false,,,1 year,169,169,https://evchargerindex.com/items/mustart-mt-aapket4n1450-32a22ft/
MUSTART,MUSTART Tesla Portable (NACS),MT-AAPKET4N1450-40A22FT,Level 2,Portable,9.6,40,240,NACS,NEMA 14-50 plug,22,false,,,1 year,179,179,https://evchargerindex.com/items/mustart-mt-aapket4n1450-40a22ft/
MUSTART,"MUSTART Level 2 EV Charger, 12/16/24/32/40 A adjustable (NEMA 14-50 plug, 24.6 ft cord)",MT-AAPKVT1N1450B-40A25FAT,Level 2,Portable,9.6,40,240,J1772,NEMA 14-50 plug,24.6,false,,,1 year,199,199,https://evchargerindex.com/items/mustart-mt-aapkvt1n1450b-40a25fat/
MUSTART,"MUSTART Level 2 EV Charger, 12/16/24/32/40 A adjustable (NEMA 6-50 plug, 24.6 ft cord)",MT-AAPKVT1N650B-40A25FAT,Level 2,Portable,9.6,40,240,J1772,NEMA 6-50 plug,24.6,false,,,1 year,229,229,https://evchargerindex.com/items/mustart-mt-aapkvt1n650b-40a25fat/
MUSTART,"MUSTART Level 2 EV Charger, 40 A (NEMA 14-50 plug, 25 ft cord) (MT-AASJD2T1N1450-40A25FT)",MT-AASJD2T1N1450-40A25FT,Level 2,Portable,9.6,40,240,J1772,NEMA 14-50 plug,25,false,,IP66 (connector IP67),2 years,199,199,https://evchargerindex.com/items/mustart-mt-aasjd2t1n1450-40a25ft/
MUSTART,"MUSTART Level 2 EV Charger, 40 A (NEMA 6-50 plug, 25 ft cord) (MT-AASJD2T1N650-40A25FT)",MT-AASJD2T1N650-40A25FT,Level 2,Portable,9.6,40,240,J1772,NEMA 6-50 plug,25,false,,IP66 (connector IP67),2 years,259,259,https://evchargerindex.com/items/mustart-mt-aasjd2t1n650-40a25ft/
MUSTART,"MUSTART Level 2 EV Charger, 25 A (NEMA 10-30 plug, 25 ft cord)",MT-AASJDT1N1030-25A25FT,Level 2,Portable,6,25,240,J1772,NEMA 10-30 plug,25,false,ETL Listed,,2 years,209,209,https://evchargerindex.com/items/mustart-mt-aasjdt1n1030-25a25ft/
MUSTART,"MUSTART Level 2 EV Charger, 25 A (NEMA 14-30 plug, 25 ft cord)",MT-AASJDT1N1430-25A25FT,Level 2,Portable,6,25,240,J1772,NEMA 14-30 plug,25,false,ETL Listed,,2 years,169,169,https://evchargerindex.com/items/mustart-mt-aasjdt1n1430-25a25ft/
MUSTART,"MUSTART Level 2 EV Charger, 15/25/32 A adjustable (NEMA 14-50 plug, 25 ft cord)",MT-AASJDT1N1450-32A25FT-AT,Level 2,Portable,7.68,32,240,J1772,NEMA 14-50 plug,25,false,ETL certified,IP65 (connector IP67),2 years,199,199,https://evchargerindex.com/items/mustart-mt-aasjdt1n1450-32a25ft-at/
MUSTART,"MUSTART Level 2 EV Charger, 40 A (NEMA 14-50 plug, 25 ft cord) (MT-AASJDT1N1450-40A25FT)",MT-AASJDT1N1450-40A25FT,Level 2,Portable,9.6,40,240,J1772,NEMA 14-50 plug,25,false,ETL Listed,,2 years,189,189,https://evchargerindex.com/items/mustart-mt-aasjdt1n1450-40a25ft/
MUSTART,"MUSTART Level 2 EV Charger, 15/25/40 A adjustable (NEMA 14-50 plug, 25 ft cord)",MT-AASJDT1N1450-40A25FT-AT,Level 2,Portable,9.6,40,240,J1772,NEMA 14-50 plug,25,false,ETL Listed,,2 years,219,219,https://evchargerindex.com/items/mustart-mt-aasjdt1n1450-40a25ft-at/
MUSTART,"MUSTART Level 1 & 2 EV Charger, 16 A (NEMA 6-20 and 5-15 plugs, 25 ft cord)",MT-AASJDT1N620N515-16A25FT-AT,Level 1 and Level 2,Portable,3.84,16,240,J1772,NEMA 6-20 plug with 5-15 adapter,25,false,ETL certified,,2 years,129,129,https://evchargerindex.com/items/mustart-mt-aasjdt1n620n515-16a25ft-at/
MUSTART,"MUSTART Level 2 EV Charger, 15/25/32 A adjustable (NEMA 6-50 plug, 25 ft cord)",MT-AASJDT1N650-32A25FT-AT,Level 2,Portable,7.68,32,240,J1772,NEMA 6-50 plug,25,false,ETL certified,IP65 (connector IP67),2 years,279,279,https://evchargerindex.com/items/mustart-mt-aasjdt1n650-32a25ft-at/
MUSTART,"MUSTART Level 2 EV Charger, 40 A (NEMA 6-50 plug, 25 ft cord) (MT-AASJDT1N650-40A25FT)",MT-AASJDT1N650-40A25FT,Level 2,Portable,9.6,40,240,J1772,NEMA 6-50 plug,25,false,ETL Listed,,2 years,309,309,https://evchargerindex.com/items/mustart-mt-aasjdt1n650-40a25ft/
MUSTART,"MUSTART TRAVELMASTER Gen 2 Level 1 & 2 EV Charger, 15/32 A (NEMA 5-15 and 14-50 plugs)",MT-AASJDT1NOP-515N1450P32A25FT-ST,Level 1 and Level 2,Portable,7.68,32,240,J1772,NEMA 14-50 and 5-15 plugs (interchangeable),25,false,,,2 years,319,319,https://evchargerindex.com/items/mustart-mt-aasjdt1nop-515n1450p32a25ft-st/
MUSTART,"MUSTART Level 1 & 2 Tesla EV Charger, 16 A (NEMA 5-15 and 6-20 plugs, 25 ft cord)",MT-AASJDT4N620N515-16A25FT,Level 1 and Level 2,Portable,3.84,16,240,NACS,NEMA 6-20 and 5-15 plugs,25,false,,,2 years,109,109,https://evchargerindex.com/items/mustart-mt-aasjdt4n620n515-16a25ft/
MUSTART,"MUSTART Level 1 & 2 Tesla EV Charger, 15/40 A (NEMA 5-15 and 14-50 plugs)",MT-AASJDT4NOP-515N1450P40A25FT-ST,Level 1 and Level 2,Portable,9.6,40,240,NACS,NEMA 14-50 and 5-15 plugs (interchangeable),25,false,,,2 years,199,199,https://evchargerindex.com/items/mustart-mt-aasjdt4nop-515n1450p40a25ft-st/
PIONPOWER,PIONPOWER EFAC32NA11,EFAC32NA11,Level 2,Wall-mounted,7.68,32,240,,,22,true,,,,,,https://evchargerindex.com/items/pionpower-efac32na11/
PIONPOWER,PIONPOWER EFAC40NA11,EFAC40NA11,Level 2,Wall-mounted,9.6,40,240,,,22,true,,,,,,https://evchargerindex.com/items/pionpower-efac40na11/
PortFi,PortFi PORTFI40A@240V/RF/4G,PORTFI40A@240V/RF/4G,Level 2,Wall-mounted,9.6,40,240,J1772,,25,true,ETL certified,IP65 water-resistant,2 years,799,799,https://evchargerindex.com/items/portfi-portfi40a-240v-rf-4g/
PowerPump,PowerPump,AC5500,Level 2,Wall-mounted,9.6,40,240,J1772,NEMA 14-50 plug,23,true,ETL Listed,NEMA 4 (IP65),,1129.95,1129.95,https://evchargerindex.com/items/powerpump-ac5500/
"PYS High-Tech Co., Ltd.","PYS High-Tech Co., Ltd. EVC02",EVC02,Level 2,Wall-mounted,9.6,40,240,,,25,true,,,,,,https://evchargerindex.com/items/pys-high-tech-co-ltd-evc02/
RAB,RAB EVC32,EVC32,Level 2,Wall-mounted,7.68,32,240,J1772,NEMA 14-50 plug,16,true,ETL Listed,NEMA 4 (IP65),3 years,513,555,https://evchargerindex.com/items/rab-evc32/
RAB,RAB EVC40,EVC40,Level 2,Wall-mounted,9.6,40,240,J1772,NEMA 14-50 plug,15,true,ETL Listed,NEMA 4 (IP65),3 years,570,709,https://evchargerindex.com/items/rab-evc40/
RAB,"RAB Level 2 Smart EV Charger, 40 A",EVC40/LCB,Level 2,Wall-mounted,9.6,40,240,J1772,NEMA 14-50 plug,15,true,ETL Listed,NEMA 4 (IP65),3 years,709,709,https://evchargerindex.com/items/rab-evc40-lcb/
RAB,RAB Electric Vehicle Supply Equipment,EVC48,Level 2,Wall-mounted,11.52,48,240,J1772,Hardwired,18,true,UL Listed,NEMA 4 (IP65),3 years,1103.26,1137.2,https://evchargerindex.com/items/rab-evc48/
RAB,"RAB Level 2 Smart EV Charger, 48 A",EVC48/LCB,Level 1 and Level 2,Portable,11.52,48,240,J1772,,16,true,UL Listed,NEMA 4 (IP56),3 years,1103.26,1137.2,https://evchargerindex.com/items/rab-evc48-lcb/
RAB,RAB EVC80,EVC80,Level 2,Wall-mounted,11.52,48,240,J1772,Hardwired,25,true,UL Listed,NEMA 4 (IP56),3 years,,,https://evchargerindex.com/items/rab-evc80/
RIPPLEON,RIPPLEON Level 2 EV Charger,ROC00#*; NECS-ACW-11.5-1-US-####,Level 2,Wall-mounted,9.6,40,240,J1772,Hardwired or NEMA 14-50 plug,25,true,UL and ETL certified,NEMA 3R (IP65),3 years,379.99,379.99,https://evchargerindex.com/items/rippleon-level-2-ev-charger/
Rivian,Rivian Wall Charger (NACS),PT01314089,Level 2,Wall-mounted,11.52,48,240,NACS,Hardwired,24,true,UL Listed,,4 years,800,800,https://evchargerindex.com/items/rivian-pt01314089/
Rivian,Rivian Portable Charger (J1772),Rivian Portable Charger - J1772,Level 1 and Level 2,Portable,7.68,32,240,J1772,"NEMA 5-15 plug, NEMA 14-50 plug",18,false,,,,,,https://evchargerindex.com/items/rivian-rivian-portable-charger-j1772/
Rivian,Rivian Portable Charger (NACS),Rivian Portable Charger - NACS,Level 1 and Level 2,Portable,7.68,32,240,NACS,"NEMA 5-15 plug, NEMA 14-50 plug",18,false,,,,400,400,https://evchargerindex.com/items/rivian-rivian-portable-charger-nacs/
Schneider,Schneider Charge (J1772),EVRBA48ANAMJ1772,Level 2,Wall-mounted,11.52,48,240,J1772,,25,true,,NEMA 4,2 years,,,https://evchargerindex.com/items/schneider-electric-evrba48anamj1772/
Schneider,Schneider Charge (NACS),EVRBA48ANAMJ3400,Level 2,Wall-mounted,11.52,48,240,NACS,Hardwired,25,true,,NEMA 4,2 years,,,https://evchargerindex.com/items/schneider-electric-evrba48anamj3400/
Schumacher,Schumacher SC1455 Portable (Level 1/2),SC1455,Level 1 and Level 2,Portable,3.84,16,240,J1772,NEMA 6-20 plug,28,false,,,1 year,,,https://evchargerindex.com/items/schumacher-sc1455/
Schumacher,Schumacher SEV1600 Wall Charger,SEV1600P1450,Level 2,Wall-mounted,12,50,240,J1772,Hardwired or NEMA 14-50 plug,25,false,,,3 years,463.87,463.87,https://evchargerindex.com/items/schumacher-sev1600p1450/
Schumacher,Schumacher SEV1670,SEV1670,Level 1,Portable,1.92,16,120,J1772,NEMA 5-15P plug,20,true,,,,129.99,129.99,https://evchargerindex.com/items/schumacher-sev1670/
Siemens,Siemens VersiCharge (8EM1312-5CF18-0FA3),8EM1312-5CF18-0FA3,Level 2,Wall-mounted,11.52,48,240,,,21,true,,,,970,1727.04,https://evchargerindex.com/items/siemens-8em1312-5cf18-0fa3/
Siemens,Siemens VersiCharge (8EM1315-5CG14-0GA0),8EM1315-5CG14-0GA0,Level 2,Wall-mounted,11.52,48,240,,,25,true,,,,,,https://evchargerindex.com/items/siemens-8em1315-5cg14-0ga0/
Siemens,Siemens VersiCharge Blue (8EM1315-7BG16-0FH0),8EM1315-7BG16-0FH0,Level 2,Wall-mounted,19.2,80,240,,,25,true,UL Listed,,,,,https://evchargerindex.com/items/siemens-8em1315-7bg16-0fh0/
Siemens,Siemens VersiCharge Blue (8EM1315-7BG16-1FH2),8EM1315-7BG16-1FH2,Level 2,Wall-mounted,19.2,80,240,,,25,true,UL Listed,,,,,https://evchargerindex.com/items/siemens-8em1315-7bg16-1fh2/
Siemens,Siemens VersiCharge (8EM1317-5CG14-1GA2),8EM1317-5CG14-1GA2,Level 2,Wall-mounted,11.52,48,240,,,25,true,,,,,,https://evchargerindex.com/items/siemens-8em1317-5cg14-1ga2/
Siemens,Siemens VersiCharge 40A,8EM1312-4CF18-0FA3,Level 2,Wall-mounted,9.6,40,240,J1772,,20,false,,,,,,https://evchargerindex.com/items/siemens-industry-inc-8em1312-4cf18-0fa3/
Sigenergy,Sigenergy Sigen EV AC Charger 11.5 kW,PG EVAC 11.5 WI T1 WH; PG EVAC 11.5 WI TS WH,Level 2,Wall-mounted,11.52,48,240,J1772 or NACS,,25,true,,IP65,,,,https://evchargerindex.com/items/sigenergy-sigen-ev-ac-charger-11-5/
Sigenergy,Sigenergy Sigen EV AC Charger 9.6 kW,PG EVAC 9.6 WI T1 N14 WH; PG EVAC 9.6 WI T1 N6 WH; PG EVAC 9.6 WI TS N14 WH; PG EVAC 9.6 WI TS N6 WH,Level 2,Wall-mounted,9.6,40,240,J1772 or NACS,,25,true,,,,,,https://evchargerindex.com/items/sigenergy-sigen-ev-ac-charger-9-6/
SOARING SUNSHINE,SOARING SUNSHINE AC Electric Vehicle Supply Equipment (ACULC-12C0xy),ACULC-12C0xy,Level 2,Wall-mounted,19.2,80,240,,,23,true,,,,,,https://evchargerindex.com/items/soaring-sunshine-aculc-12c0xy/
SOARING SUNSHINE,SOARING SUNSHINE AC Electric Vehicle Supply Equipment (ACULC-12C1xy),ACULC-12C1xy,Level 2,Wall-mounted,19.2,80,240,,,23,true,,,,,,https://evchargerindex.com/items/soaring-sunshine-aculc-12c1xy/
SOARING SUNSHINE,SOARING SUNSHINE AC Electric Vehicle Supply Equipment (ACULC-12N0xy),ACULC-12N0xy,Level 2,Wall-mounted,19.2,80,240,,,23,true,,,,,,https://evchargerindex.com/items/soaring-sunshine-aculc-12n0xy/
SOARING SUNSHINE,SOARING SUNSHINE AC Electric Vehicle Supply Equipment (ACULC-12N1xy),ACULC-12N1xy,Level 2,Wall-mounted,19.2,80,240,,,23,true,,,,,,https://evchargerindex.com/items/soaring-sunshine-aculc-12n1xy/
SOARING SUNSHINE,SOARING SUNSHINE AC Electric Vehicle Supply Equipment (ACULC-19C0xy),ACULC-19C0xy,Level 2,Wall-mounted,19.2,80,240,,,23,true,,,,,,https://evchargerindex.com/items/soaring-sunshine-aculc-19c0xy/
SOARING SUNSHINE,SOARING SUNSHINE AC Electric Vehicle Supply Equipment (ACULC-19C1xy),ACULC-19C1xy,Level 2,Wall-mounted,19.2,80,240,,,23,true,,,,,,https://evchargerindex.com/items/soaring-sunshine-aculc-19c1xy/
SOARING SUNSHINE,SOARING SUNSHINE AC Electric Vehicle Supply Equipment (ACULC-19N0xy),ACULC-19N0xy,Level 2,Wall-mounted,19.2,80,240,,,23,true,,,,,,https://evchargerindex.com/items/soaring-sunshine-aculc-19n0xy/
SOARING SUNSHINE,SOARING SUNSHINE AC Electric Vehicle Supply Equipment (ACULC-19N1xy),ACULC-19N1xy,Level 2,Wall-mounted,19.2,80,240,,,23,true,,,,,,https://evchargerindex.com/items/soaring-sunshine-aculc-19n1xy/
SOARING SUNSHINE,SOARING SUNSHINE AC Electric Vehicle Supply Equipment (ACULH-07C1xy),ACULH-07C1xy,Level 2,Wall-mounted,19.2,80,240,,,23,true,,,,,,https://evchargerindex.com/items/soaring-sunshine-aculh-07c1xy/
SOARING SUNSHINE,SOARING SUNSHINE AC Electric Vehicle Supply Equipment (ACULH-07C2xy),ACULH-07C2xy,Level 2,Wall-mounted,19.2,80,240,,,23,true,,,,,,https://evchargerindex.com/items/soaring-sunshine-aculh-07c2xy/
SOARING SUNSHINE,SOARING SUNSHINE AC Electric Vehicle Supply Equipment (ACULH-07N1xy),ACULH-07N1xy,Level 2,Wall-mounted,19.2,80,240,,,23,true,,,,,,https://evchargerindex.com/items/soaring-sunshine-aculh-07n1xy/
SOARING SUNSHINE,SOARING SUNSHINE AC Electric Vehicle Supply Equipment (ACULH-07N2xy),ACULH-07N2xy,Level 2,Wall-mounted,19.2,80,240,,,23,true,,,,,,https://evchargerindex.com/items/soaring-sunshine-aculh-07n2xy/
SOARING SUNSHINE,SOARING SUNSHINE AC Electric Vehicle Supply Equipment (ACULH-09C1xy),ACULH-09C1xy,Level 2,Wall-mounted,19.2,80,240,,,23,true,,,,,,https://evchargerindex.com/items/soaring-sunshine-aculh-09c1xy/
SOARING SUNSHINE,SOARING SUNSHINE AC Electric Vehicle Supply Equipment (ACULH-09C2xy),ACULH-09C2xy,Level 2,Wall-mounted,19.2,80,240,,,23,true,,,,,,https://evchargerindex.com/items/soaring-sunshine-aculh-09c2xy/
SOARING SUNSHINE,SOARING SUNSHINE AC Electric Vehicle Supply Equipment (ACULH-09N1xy),ACULH-09N1xy,Level 2,Wall-mounted,19.2,80,240,,,23,true,,,,,,https://evchargerindex.com/items/soaring-sunshine-aculh-09n1xy/
SOARING SUNSHINE,SOARING SUNSHINE AC Electric Vehicle Supply Equipment (ACULH-09N2xy),ACULH-09N2xy,Level 2,Wall-mounted,19.2,80,240,,,23,true,,,,,,https://evchargerindex.com/items/soaring-sunshine-aculh-09n2xy/
Solar Edge,Solar Edge SE-EV-SA-US-40x,SE-EV-SA-US-40*,Level 2,Wall-mounted,9.6,40,240,J1772,Hardwired or NEMA 14-50 plug,24,true,Certified to UL 2594,NEMA 3R,5 years,830.44,830.44,https://evchargerindex.com/items/solar-edge-se-ev-sa-us-40/
Soltech,Soltech Artemis (48 A),ACO115AN030093,Level 2,Wall-mounted,11.52,48,240,J1772,,16,false,,,,829,829,https://evchargerindex.com/items/soltech-aco115an030093/
SPAN,SPAN Drive Level 2 EV Charger,SPAN Drive,Level 2,Wall-mounted,11.52,48,240,J1772,,20,true,Certified to UL 2594 and UL 2231,NEMA 3R,3 years,578.65,578.65,https://evchargerindex.com/items/span-io-span-drive/
StarCharge,StarCharge Juno AC Charge,"AC0120AN0600300, AC0120AN0601300, AC0096AN0600300, AC0096AN0601300",Level 2,Wall-mounted,12,50,240,,,25,true,,,,,,https://evchargerindex.com/items/starcharge-ac0120an0600300-ac0120an0601300-ac0096an0600300-ac0096an0601300/
SWTCH,SWTCH Electric Vehicle Charging Station,EVH010-40,Level 2,Wall-mounted,9.6,40,240,,,16,true,,,,,,https://evchargerindex.com/items/swtch-evh010-40/
Tellus Power,Tellus Power TP-EVVA-NUL80ASS,TP-EVVA-NUL80ASS,Level 2,Wall-mounted,19.2,80,240,,,25,true,,,,,,https://evchargerindex.com/items/tellus-power-tp-evva-nul80ass/
Tesla,Tesla Wall Connector,1457768-##*,Level 2,Wall-mounted,11.52,48,240,NACS,Hardwired,22,true,Certified to UL 2594 and UL 2231,NEMA 3R (IP55),4 years,535,535,https://evchargerindex.com/items/tesla-1457768/
Tesla,Tesla Mobile Connector (1991254),1991254,Level 1 and Level 2,Portable,7.68,32,240,NACS,NEMA 14-50 and 5-15 plugs (interchangeable),20,false,,,,300,300,https://evchargerindex.com/items/tesla-1991254/
Turnongreen,TurnOnGreen Zerova AX48,CPEVAC-11KW-J17-W,Level 2,Wall-mounted,11.52,48,240,J1772,Hardwired,18,true,UL Listed,NEMA 3R,3 years,1250,1250,https://evchargerindex.com/items/turnongreen-cpevac-11kw-j17-w/
Turnongreen,TurnOnGreen EVP1900 / Zerova AX80 (80 A),EVP1900,Level 2,Wall-mounted,19.2,80,240,J1772,Hardwired,25,false,UL certified,NEMA 3R,3 years,1950,1950,https://evchargerindex.com/items/turnongreen-evp1900/
Turnongreen,TurnOnGreen EVP700 (32 A),EVP700,Level 2,Wall-mounted,7.68,32,240,J1772,Hardwired,16,false,UL certified,NEMA 3R,3 years,489,489,https://evchargerindex.com/items/turnongreen-evp700/
TYPES,TYPE S CHARGEEV 16A Level 1 Charger,AC533488,Level 1,Portable,1.92,16,120,J1772,NEMA 6-20 plug with 10-30 and 5-15 adapters,24,false,,IP55,,249.99,249.99,https://evchargerindex.com/items/types-ac533488/
TYPES,TYPE S CHARGEEV 40A Level 2 Charger,AC533489,Level 2,Wall-mounted,9.6,40,240,J1772,NEMA 14-50 plug,24.6,true,ETL Listed,IP55,,449.99,449.99,https://evchargerindex.com/items/types-ac533489/
Ubiquiti,Ubiquiti EV Station Lite,UC-EV-Station-Lite,Level 2,Wall-mounted,12,50,240,J1772,,22,true,UL certified,NEMA 3R,,499,499,https://evchargerindex.com/items/ubiquiti-inc-uc-ev-station-lite/
Ubiquiti,Ubiquiti EV Station Pro,UC-EV-Station-Pro,Level 2,Wall-mounted,12,50,240,J1772,,22,true,,,,,,https://evchargerindex.com/items/ubiquiti-inc-uc-ev-station-pro/
Tesla,Tesla Universal Wall Connector,1734412-##*,Level 2,Wall-mounted,11.52,48,240,NACS + J1772,,22,true,ETL Listed,NEMA 3R,4 years,600,660,https://evchargerindex.com/items/universal-wall-connector-1734412/
V.E. Lighting,V.E. Lighting VEV Charger (48 A),EVCA-48A,Level 2,Wall-mounted,11.52,48,240,J1772 or NACS,,25,false,,,,579,579,https://evchargerindex.com/items/v-e-lighting-evca-48a/
V.E. Lighting,V.E. Lighting V3P (40 A),V3P-EW,Level 2,Wall-mounted,7.68,32,240,J1772,,16,false,,,,695.95,695.95,https://evchargerindex.com/items/v-e-lighting-v3p-ew/
WALLBOX,Wallbox Pulsar Plus,PUP2-U-1-6-C-002; PUP2-U-T-6-C-002,Level 2,Wall-mounted,11.52,48,240,J1772 or NACS,Hardwired,25,true,,NEMA 4,3 years,659.99,699.99,https://evchargerindex.com/items/wallbox-pulsar-plus/
WALLBOX,WALLBOX PUP1-U-1-6-C-002,PUP1-U-1-6-C-002,Level 2,Wall-mounted,11.52,48,240,J1772,,25,true,,,,599,599,https://evchargerindex.com/items/wallbox-pup1-u-1-6-c-002/
WALLBOX,Wallbox Pulsar Pro,PUP3-*1-1-6-C-*2,Level 2,Wall-mounted,11.52,48,240,J1772,,25,true,,,3 years,999.99,999.99,https://evchargerindex.com/items/wallbox-pup3-1-1-6-c-2/
Watti,Watti Home Gen2 S,EAWHG2S48,Level 2,Wall-mounted,11.52,48,240,J1772 or NACS,Hardwired or NEMA 14-50 plug,25,false,ETL certified,NEMA 4 (IP65),3 years,998,998,https://evchargerindex.com/items/watti-eawhg2s48/
Watti,Watti EAWPE48,EAWPE48-######**,Level 2,Wall-mounted,23.04,96,240,J1772 or NACS,,25,true,ETL certified,NEMA 4 (IP65),3 years,6300.69,6300.69,https://evchargerindex.com/items/watti-eawpe48/
Watti,"Watti Pro Gen2 Slim, 48 A",EAWPG2SL48-####****,Level 2,Wall-mounted,11.52,48,240,J1772 or NACS,,25,true,cETLus Listed,,3 years,3904.32,3904.32,https://evchargerindex.com/items/watti-eawpg2sl48/
Watti,"Watti Pro Gen2 Slim, 80 A",EAWPG2SL80-####****,Level 2,Wall-mounted,19.2,80,240,J1772 or NACS,,25,true,cETLus Listed,,3 years,4991.26,4991.26,https://evchargerindex.com/items/watti-eawpg2sl80/
Webasto,Webasto TurboConnect,TurboConnect,Level 2,Wall-mounted,11.52,48,240,J1772,Hardwired,20,true,UL certified,NEMA 3S (IP65),3 years,749,749,https://evchargerindex.com/items/webasto-turboconnect/
WenStorm,"WenStorm Portable 16 A (Level 1, J1772 or NACS)",FBA-1772-Charger-16A / FBA-TSL-Charger-16A,Level 1,Portable,1.92,16,120,J1772 or NACS,NEMA 5-15 plug,25,false,ETL Listed,IP55,,169.99,169.99,https://evchargerindex.com/items/wenstorm-fba-1772-charger-16a-fba-tsl-charger-16a/
WenStorm,"WenStorm Portable 32 A (Level 2, J1772 or NACS)",FBA-1772-Charger-32A / FBA-TSL-Charger-32A,Level 2,Portable,7.68,32,240,J1772 or NACS,NEMA 14-50 plug,25,false,ETL Listed,IP55,,219.99,219.99,https://evchargerindex.com/items/wenstorm-fba-1772-charger-32a-fba-tsl-charger-32a/
Westgate,Westgate EVC-A 48A (app enabled),EVC-A-48A-MP-BT,Level 2,Wall-mounted,11.52,48,240,J1772,,25,false,ETL Listed,,,760.59,771.3,https://evchargerindex.com/items/westgate-evc-a-48a-mp-bt/
Westgate,Westgate EVC-C-40A-AC-9.6KW-J1772,EVC-C-40A-AC-9.6KW-J1772,Level 1 and Level 2,Portable,9.6,40,240,J1772,,16,true,ETL Listed,NEMA 4,,701.74,711.3,https://evchargerindex.com/items/westgate-evc-c-40a-ac-9-6kw-j1772/
Westgate,Westgate EVC-C 48A,EVC-C-48A-AC-11.5KW-J1772,Level 2,Wall-mounted,11.52,48,240,J1772,,16,false,ETL Listed,NEMA 4,,747.74,747.74,https://evchargerindex.com/items/westgate-evc-c-48a-ac-11-5kw-j1772/
WOLFBOX,WOLFBOX WiFi Charging Station (40-50A trims),CHARGING-STATION-E48,Level 2,Wall-mounted,12,50,240,J1772,Hardwired,25,false,CSA certified,NEMA 4X,,549,549,https://evchargerindex.com/items/wolfbox-charging-station-e48/
WOLFBOX,WOLFBOX WE50 (50 A),E50,Level 2,Wall-mounted,12,50,240,J1772,NEMA 14-50 plug,25,true,CSA certified,,,499.99,499.99,https://evchargerindex.com/items/wolfbox-e50/
WOLFBOX,WOLFBOX WE40,E40; E40T,Level 2,Wall-mounted,9.6,40,240,J1772 or NACS,NEMA 14-50 plug,25,true,CSA certified,,,429.99,429.99,https://evchargerindex.com/items/wolfbox-we40/
WOLFBOX,WOLFBOX WE48 (48 A),WE48,Level 2,Wall-mounted,11.52,48,240,J1772,NEMA 14-50 plug,25,false,CSA certified,,,439.99,439.99,https://evchargerindex.com/items/wolfbox-we48/
